image_file_name,,color,style,part,season,category
hoody_1,.jpg,black,casual,Top,spring/fall,hoody
hoody_2,.jpg,black/khaki/skyblue,street,Top,spring/fall,hoody
hoody_3,.jpg,gray,casual,Top,spring/fall,hoody
hoody_4,.jpg,green/black,casual,Top,spring/fall,hoody
hoody_5,.jpg,orange,casual,Top,spring/fall,hoody
hoody_6,.jpg,navy,casual,Top,spring/fall,hoody
hoody_7,.jpg,blue,casual,Top,spring/fall,hoody
hoody_8,.jpg,gray,casual,Top,spring/fall,hoody
hoody_9,.jpg,brown,casual,Top,spring/fall,hoody
hoody_10,.jpg,navy,casual,Top,spring/fall,hoody
hoody_11,.jpg,brown,casual,Top,spring/fall,hoody
hoody_12,.jpg,khaki,casual,Top,spring/fall,hoody
hoody_13,.jpg,red,casual,Top,spring/fall,hoody
hoody_14,.jpg,yello,casual,Top,spring/fall,hoody
hoody_15,.jpg,khaki,casual,Top,spring/fall,hoody
hoody_16,.jpg,navy,casual,Top,spring/fall,hoody
hoody_17,.jpg,orange,casual,Top,spring/fall,hoody
hoody_18,.jpg,black,casual,Top,spring/fall,hoody
hoody_19,.jpg,green,casual,Top,spring/fall,hoody
hoody_20,.jpg,gray,casual,Top,spring/fall,hoody
hoody_21,.jpg,black,casual,Top,spring/fall,hoody
hoody_22,.jpg,green,casual,Top,spring/fall,hoody
hoody_23,.jpg,black/khaki,casual,Top,spring/fall,hoody
hoody_24,.jpg,navy,casual,Top,spring/fall,hoody
hoody_25,.jpg,black,casual,Top,spring/fall,hoody
hoody_26,.jpg,blue,casual,Top,spring/fall,hoody
hoody_27,.jpg,skyblue,casual,Top,spring/fall,hoody
hoody_28,.jpg,khaki,casual,Top,spring/fall,hoody
hoody_29,.jpg,red,casual,Top,spring/fall,hoody
hoody_30,.jpg,red,casual,Top,spring/fall,hoody
hoody_31,.jpg,black,casual,Top,spring/fall,hoody
hoody_32,.jpg,brwon,casual,Top,spring/fall,hoody
hoody_33,.jpg,khaki,casual,Top,spring/fall,hoody
hoody_34,.jpg,khaki,casual,Top,spring/fall,hoody
hoody_35,.jpg,green,casual,Top,spring/fall,hoody
hoody_36,.jpg,khaki,casual,Top,spring/fall,hoody
hoody_37,.jpg,green,casual,Top,spring/fall,hoody
hoody_38,.jpg,white,casual,Top,spring/fall,hoody
hoody_39,.jpg,white,casual,Top,spring/fall,hoody
hoody_40,.jpg,red,casual,Top,spring/fall,hoody
hoody_41,.jpg,black,casual,Top,spring/fall,hoody
hoody_42,.jpg,black,casual,Top,spring/fall,hoody
hoody_43,.jpg,red,casual,Top,spring/fall,hoody
hoody_44,.jpg,black,casual,Top,spring/fall,hoody
hoody_45,.jpg,black,casual,Top,spring/fall,hoody
hoody_46,.jpg,navy,casual,Top,spring/fall,hoody
hoody_47,.jpg,blue,casual,Top,spring/fall,hoody
hoody_48,.jpg,khaki,casual,Top,spring/fall,hoody
hoody_49,.jpg,khaki,casual,Top,spring/fall,hoody
hoody_50,.jpg,black,street,Top,spring/fall,hoody
MTM_1,.jpg,gray,street,Top,spring/fall,MTM
MTM_2,.jpg,gray,casual,Top,spring/fall,MTM
MTM_3,.jpg,pink/black/skyblue,casual,Top,spring/fall,MTM
MTM_4,.jpg,gray,street,Top,spring/fall,MTM
MTM_5,.jpg,black,casual,Top,spring/fall,MTM
MTM_6,.jpg,black,casual,Top,spring/fall,MTM
MTM_7,.jpg,navy,casual,Top,spring/fall,MTM
MTM_8,.jpg,black,casual,Top,spring/fall,MTM
MTM_9,.jpg,green,street,Top,spring/fall,MTM
MTM_10,.jpg,khaki,casual,Top,spring/fall,MTM
MTM_11,.jpg,black,casual,Top,spring/fall,MTM
MTM_12,.jpg,gray,casual,Top,spring/fall,MTM
MTM_13,.jpg,white,casual,Top,spring/fall,MTM
MTM_14,.jpg,white,casual,Top,spring/fall,MTM
MTM_15,.jpg,white,casual,Top,spring/fall,MTM
MTM_16,.jpg,black,street,Top,spring/fall,MTM
MTM_17,.jpg,blue,casual,Top,spring/fall,MTM
MTM_18,.jpg,gray,casual,Top,spring/fall,MTM
MTM_19,.jpg,black,casual,Top,spring/fall,MTM
MTM_20,.jpg,gray,casual,Top,spring/fall,MTM
MTM_21,.jpg,black,casual,Top,spring/fall,MTM
MTM_22,.jpg,gray,casual,Top,spring/fall,MTM
MTM_23,.jpg,black/beige,casual,Top,spring/fall,MTM
MTM_24,.jpg,gray,casual,Top,spring/fall,MTM
MTM_25,.jpg,black,casual,Top,spring/fall,MTM
MTM_26,.jpg,gray,casual,Top,spring/fall,MTM
MTM_27,.jpg,white,casual,Top,spring/fall,MTM
MTM_28,.jpg,dark beige,casual,Top,spring/fall,MTM
MTM_29,.jpg,pink,casual,Top,spring/fall,MTM
MTM_30,.jpg,skyblue,casual,Top,spring/fall,MTM
MTM_31,.jpg,gray,casual,Top,spring/fall,MTM
MTM_32,.jpg,yellow,casual,Top,spring/fall,MTM
MTM_33,.jpg,gray,casual,Top,spring/fall,MTM
MTM_34,.jpg,navy,casual,Top,spring/fall,MTM
MTM_35,.jpg,navy,casual,Top,spring/fall,MTM
MTM_36,.jpg,beige,casual,Top,spring/fall,MTM
MTM_37,.jpg,gray,casual,Top,spring/fall,MTM
MTM_38,.jpg,beige,casual,Top,spring/fall,MTM
MTM_39,.jpg,khaki,casual,Top,spring/fall,MTM
MTM_40,.jpg,navy,casual,Top,spring/fall,MTM
MTM_41,.jpg,navy,casual,Top,spring/fall,MTM
MTM_42,.jpg,skyblue,casual,Top,spring/fall,MTM
MTM_43,.jpg,khaki,casual,Top,spring/fall,MTM
MTM_44,.jpg,beige,casual,Top,spring/fall,MTM
MTM_45,.jpg,pink,casual,Top,spring/fall,MTM
MTM_46,.jpg,black,street,Top,spring/fall,MTM
MTM_47,.jpg,purple,street,Top,spring/fall,MTM
MTM_48,.jpg,black,street,Top,spring/fall,MTM
MTM_49,.jpg,green,street,Top,spring/fall,MTM
MTM_50,.jpg,white,street,Top,spring/fall,MTM
Sleeveless_1,.jpg,black,street,Top,summer,Sleeveless
Sleeveless_2,.jpg,black,sexy,Top,summer,Sleeveless
Sleeveless_3,.jpg,navy,lovely,Top,summer,Sleeveless
Sleeveless_4,.jpg,white,casual,Top,summer,Sleeveless
Sleeveless_5,.jpg,white,street,Top,summer,Sleeveless
Sleeveless_6,.jpg,white,casual,Top,summer,Sleeveless
Sleeveless_7,.jpg,gray,street,Top,summer,Sleeveless
Sleeveless_8,.jpg,black,modern,Top,summer,Sleeveless
Sleeveless_9,.jpg,white,casual,Top,summer,Sleeveless
Sleeveless_10,.jpg,black,casual,Top,summer,Sleeveless
Sleeveless_11,.jpg,black,casual,Top,summer,Sleeveless
Sleeveless_12,.jpg,black,casual,Top,summer,Sleeveless
Sleeveless_13,.jpg,black,street,Top,summer,Sleeveless
Sleeveless_14,.jpg,white,casual,Top,summer,Sleeveless
Sleeveless_15,.jpg,black,casual,Top,summer,Sleeveless
Sleeveless_16,.jpg,black,casual,Top,summer,Sleeveless
Sleeveless_17,.jpg,black,casual,Top,summer,Sleeveless
Sleeveless_18,.jpg,red,casual,Top,summer,Sleeveless
Sleeveless_19,.jpg,black,modern,Top,summer,Sleeveless
Sleeveless_20,.jpg,gray,casual,Top,summer,Sleeveless
Sleeveless_21,.jpg,black,casual,Top,summer,Sleeveless
Sleeveless_22,.jpg,black,casual,Top,summer,Sleeveless
Sleeveless_23,.jpg,black,casual,Top,summer,Sleeveless
Sleeveless_24,.jpg,gray,modern,Top,summer,Sleeveless
Sleeveless_25,.jpg,black,casual,Top,summer,Sleeveless
Sleeveless_26,.jpg,black,casual,Top,summer,Sleeveless
Sleeveless_27,.jpg,gray,casual,Top,summer,Sleeveless
Sleeveless_28,.jpg,white,casual,Top,summer,Sleeveless
Sleeveless_29,.jpg,black,casual,Top,summer,Sleeveless
Sleeveless_30,.jpg,white,casual,Top,summer,Sleeveless
Sleeveless_31,.jpg,gray,casual,Top,summer,Sleeveless
Sleeveless_32,.jpg,black,casual,Top,summer,Sleeveless
Sleeveless_33,.jpg,black,casual,Top,summer,Sleeveless
Sleeveless_34,.jpg,navy,casual,Top,summer,Sleeveless
Sleeveless_35,.jpg,gray,casual,Top,summer,Sleeveless
Sleeveless_36,.jpg,black,casual,Top,summer,Sleeveless
Sleeveless_37,.jpg,black,casual,Top,summer,Sleeveless
Sleeveless_38,.jpg,black,casual,Top,summer,Sleeveless
Sleeveless_39,.jpg,black,casual,Top,summer,Sleeveless
Sleeveless_40,.jpg,black,casual,Top,summer,Sleeveless
Sleeveless_41,.jpg,black,casual,Top,summer,Sleeveless
Sleeveless_42,.jpg,black,casual,Top,summer,Sleeveless
Sleeveless_43,.jpg,black,casual,Top,summer,Sleeveless
Sleeveless_44,.jpg,black,casual,Top,summer,Sleeveless
Sleeveless_45,.jpg,black,casual,Top,summer,Sleeveless
Sleeveless_46,.jpg,white,casual,Top,summer,Sleeveless
Sleeveless_47,.jpg,white,casual,Top,summer,Sleeveless
Sleeveless_48,.jpg,black,sexy,Top,summer,Sleeveless
Sleeveless_49,.jpg,black,casual,Top,summer,Sleeveless
Sleeveless_50,.jpg,black,modern,Top,summer,Sleeveless
hightop_1,.jpg,black,sporty,Top,summer,hightop
hightop_2,.jpg,white,sporty,Top,summer,hightop
hightop_3,.jpg,black,casual,Top,summer,hightop
hightop_4,.jpg,red,sexy,Top,summer,hightop
hightop_5,.jpg,white,casual,Top,summer,hightop
hightop_6,.jpg,white,luxury,Top,summer,hightop
hightop_7,.jpg,black,casual,Top,summer,hightop
hightop_8,.jpg,white,vintage,Top,summer,hightop
hightop_9,.jpg,white,casual,Top,summer,hightop
hightop_10,.jpg,skyblue,lovely,Top,summer,hightop
hightop_11,.jpg,white,lovely,Top,summer,hightop
hightop_12,.jpg,white,lovely,Top,summer,hightop
hightop_13,.jpg,skyblue/pink,casual,Top,summer,hightop
hightop_14,.jpg,black,sexy,Top,summer,hightop
hightop_15,.jpg,black,sexy,Top,summer,hightop
hightop_16,.jpg,gray,sexy,Top,summer,hightop
hightop_17,.jpg,black,casual,Top,summer,hightop
hightop_18,.jpg,purple,casual,Top,summer,hightop
hightop_19,.jpg,gray,casual,Top,summer,hightop
hightop_20,.jpg,black,casual,Top,summer,hightop
hightop_21,.jpg,yellow,luxury,Top,summer,hightop
hightop_22,.jpg,white,vintage,Top,summer,hightop
hightop_23,.jpg,white,lovely,Top,summer,hightop
hightop_24,.jpg,orange,sporty,Top,summer,hightop
hightop_25,.jpg,black,sporty,Top,summer,hightop
hightop_26,.jpg,black,sporty,Top,summer,hightop
hightop_27,.jpg,pink,sporty,Top,summer,hightop
hightop_28,.jpg,black,sporty,Top,summer,hightop
hightop_29,.jpg,gray,sporty,Top,summer,hightop
hightop_30,.jpg,black,sporty,Top,summer,hightop
hightop_31,.jpg,gray,sporty,Top,summer,hightop
hightop_32,.jpg,black,sporty,Top,summer,hightop
hightop_33,.jpg,black,sporty,Top,summer,hightop
hightop_34,.jpg,black,sporty,Top,summer,hightop
hightop_35,.jpg,black,sporty,Top,summer,hightop
hightop_36,.jpg,gray,sporty,Top,summer,hightop
hightop_37,.jpg,navy,sexy,Top,summer,hightop
hightop_38,.jpg,black,sexy,Top,summer,hightop
hightop_39,.jpg,black,sexy,Top,summer,hightop
hightop_40,.jpg,white,sexy,Top,summer,hightop
hightop_41,.jpg,pink,sexy,Top,summer,hightop
hightop_42,.jpg,black,sporty,Top,summer,hightop
hightop_43,.jpg,white,sexy,Top,summer,hightop
hightop_44,.jpg,white,casual,Top,summer,hightop
hightop_45,.jpg,red,casual,Top,summer,hightop
hightop_46,.jpg,black,casual,Top,summer,hightop
hightop_47,.jpg,gray,casual,Top,summer,hightop
hightop_48,.jpg,gray,casual,Top,summer,hightop
hightop_49,.jpg,black,modern,Top,summer,hightop
hightop_50,.jpg,gray,sexy,Top,summer,hightop
Tshirt_long_1,.jpg,white,casual,Top,spring/fall,Tshirt_long
Tshirt_long_2,.jpg,white,casual,Top,spring/fall,Tshirt_long
Tshirt_long_3,.jpg,skyblue,casual,Top,spring/fall,Tshirt_long
Tshirt_long_4,.jpg,skyblue,casual,Top,spring/fall,Tshirt_long
Tshirt_long_5,.jpg,white,casual,Top,spring/fall,Tshirt_long
Tshirt_long_6,.jpg,black,casual,Top,spring/fall,Tshirt_long
Tshirt_long_7,.jpg,black,casual,Top,spring/fall,Tshirt_long
Tshirt_long_8,.jpg,gray,casual,Top,spring/fall,Tshirt_long
Tshirt_long_9,.jpg,brown,casual,Top,spring/fall,Tshirt_long
Tshirt_long_10,.jpg,black,casual,Top,spring/fall,Tshirt_long
Tshirt_long_11,.jpg,red,casual,Top,spring/fall,Tshirt_long
Tshirt_long_12,.jpg,white,casual,Top,spring/fall,Tshirt_long
Tshirt_long_13,.jpg,beige,casual,Top,spring/fall,Tshirt_long
Tshirt_long_14,.jpg,white,casual,Top,spring/fall,Tshirt_long
Tshirt_long_15,.jpg,gray,casual,Top,spring/fall,Tshirt_long
Tshirt_long_16,.jpg,white,casual,Top,spring/fall,Tshirt_long
Tshirt_long_17,.jpg,white,casual,Top,spring/fall,Tshirt_long
Tshirt_long_18,.jpg,white,casual,Top,spring/fall,Tshirt_long
Tshirt_long_19,.jpg,green,casual,Top,spring/fall,Tshirt_long
Tshirt_long_20,.jpg,gray,casual,Top,spring/fall,Tshirt_long
Tshirt_long_21,.jpg,green,casual,Top,spring/fall,Tshirt_long
Tshirt_long_22,.jpg,black,casual,Top,spring/fall,Tshirt_long
Tshirt_long_23,.jpg,white,casual,Top,spring/fall,Tshirt_long
Tshirt_long_24,.jpg,gray,casual,Top,spring/fall,Tshirt_long
Tshirt_long_25,.jpg,dark beige,casual,Top,spring/fall,Tshirt_long
Tshirt_long_26,.jpg,red,casual,Top,spring/fall,Tshirt_long
Tshirt_long_27,.jpg,yellow,casual,Top,spring/fall,Tshirt_long
Tshirt_long_28,.jpg,gray,casual,Top,spring/fall,Tshirt_long
Tshirt_long_29,.jpg,navy,casual,Top,spring/fall,Tshirt_long
Tshirt_long_30,.jpg,black/grau,casual,Top,spring/fall,Tshirt_long
Tshirt_long_31,.jpg,yellow,casual,Top,spring/fall,Tshirt_long
Tshirt_long_32,.jpg,beige,casual,Top,spring/fall,Tshirt_long
Tshirt_long_33,.jpg,gray,casual,Top,spring/fall,Tshirt_long
Tshirt_long_34,.jpg,navy,casual,Top,spring/fall,Tshirt_long
Tshirt_long_35,.jpg,gray,casual,Top,spring/fall,Tshirt_long
Tshirt_long_36,.jpg,khaki,casual,Top,spring/fall,Tshirt_long
Tshirt_long_37,.jpg,black,casual,Top,spring/fall,Tshirt_long
Tshirt_long_38,.jpg,gray,casual,Top,spring/fall,Tshirt_long
Tshirt_long_39,.jpg,white,casual,Top,spring/fall,Tshirt_long
Tshirt_long_40,.jpg,brown,casual,Top,spring/fall,Tshirt_long
Tshirt_long_41,.jpg,beige,casual,Top,spring/fall,Tshirt_long
Tshirt_long_42,.jpg,white,casual,Top,spring/fall,Tshirt_long
Tshirt_long_43,.jpg,gray,casual,Top,spring/fall,Tshirt_long
Tshirt_long_44,.jpg,gray,casual,Top,spring/fall,Tshirt_long
Tshirt_long_45,.jpg,navy,casual,Top,spring/fall,Tshirt_long
Tshirt_long_46,.jpg,gray,casual,Top,spring/fall,Tshirt_long
Tshirt_long_47,.jpg,gray,casual,Top,spring/fall,Tshirt_long
Tshirt_long_48,.jpg,black,casual,Top,spring/fall,Tshirt_long
Tshirt_long_49,.jpg,gray,casual,Top,spring/fall,Tshirt_long
Tshirt_long_50,.jpg,black,casual,Top,spring/fall,Tshirt_long
Leggings_1,.jpg,gray,sproty,Bottom,all,Leggings
Leggings_2,.jpg,black,sproty,Bottom,all,Leggings
Leggings_3,.jpg,gray,sproty,Bottom,all,Leggings
Leggings_4,.jpg,gray,sproty,Bottom,all,Leggings
Leggings_5,.jpg,gray,sproty,Bottom,all,Leggings
Leggings_6,.jpg,pink,sproty,Bottom,all,Leggings
Leggings_7,.jpg,yellow,sproty,Bottom,all,Leggings
Leggings_8,.jpg,black,sproty,Bottom,all,Leggings
Leggings_9,.jpg,purple,sproty,Bottom,all,Leggings
Leggings_10,.jpg,navy,sproty,Bottom,all,Leggings
Leggings_11,.jpg,pink,sproty,Bottom,all,Leggings
Leggings_12,.jpg,pink,sproty,Bottom,all,Leggings
Leggings_13,.jpg,black,sproty,Bottom,all,Leggings
Leggings_14,.jpg,gray,sproty,Bottom,all,Leggings
Leggings_15,.jpg,black,sproty,Bottom,all,Leggings
Leggings_16,.jpg,black,sproty,Bottom,all,Leggings
Leggings_17,.jpg,gray,sproty,Bottom,all,Leggings
Leggings_18,.jpg,green,sproty,Bottom,all,Leggings
Leggings_19,.jpg,black,sproty,Bottom,all,Leggings
Leggings_20,.jpg,navy,sproty,Bottom,all,Leggings
Leggings_21,.jpg,gray,sproty,Bottom,all,Leggings
Leggings_22,.jpg,black,sproty,Bottom,all,Leggings
Leggings_23,.jpg,pink,sproty,Bottom,all,Leggings
Leggings_24,.jpg,black,sproty,Bottom,all,Leggings
Leggings_25,.jpg,pink,sproty,Bottom,all,Leggings
Leggings_26,.jpg,pink,sproty,Bottom,all,Leggings
Leggings_27,.jpg,black,sproty,Bottom,all,Leggings
Leggings_28,.jpg,navy,sproty,Bottom,all,Leggings
Leggings_29,.jpg,gray,sproty,Bottom,all,Leggings
Leggings_30,.jpg,black,sproty,Bottom,all,Leggings
Leggings_31,.jpg,black,sproty,Bottom,all,Leggings
Leggings_32,.jpg,black,sproty,Bottom,all,Leggings
Leggings_33,.jpg,gray,sproty,Bottom,all,Leggings
Leggings_34,.jpg,black,sproty,Bottom,all,Leggings
Leggings_35,.jpg,purple,sproty,Bottom,all,Leggings
Leggings_36,.jpg,black,sproty,Bottom,all,Leggings
Leggings_37,.jpg,gray,sproty,Bottom,all,Leggings
Leggings_38,.jpg,blue,sproty,Bottom,all,Leggings
Leggings_39,.jpg,gray,sproty,Bottom,all,Leggings
Leggings_40,.jpg,black,sproty,Bottom,all,Leggings
Leggings_41,.jpg,black,sproty,Bottom,all,Leggings
Leggings_42,.jpg,purple,sproty,Bottom,all,Leggings
Leggings_43,.jpg,black,sproty,Bottom,all,Leggings
Leggings_44,.jpg,beige,sproty,Bottom,all,Leggings
Leggings_45,.jpg,black,sproty,Bottom,all,Leggings
Leggings_46,.jpg,black,sproty,Bottom,all,Leggings
Leggings_47,.jpg,white,sproty,Bottom,all,Leggings
Leggings_48,.jpg,gray,sproty,Bottom,all,Leggings
Leggings_49,.jpg,yellow,sproty,Bottom,all,Leggings
Leggings_50,.jpg,black,sproty,Bottom,all,Leggings
skirt_1,.jpg,skyblue,vintage,Bottom,summer,skirt
skirt_2,.jpg,purple,modern,Bottom,spring/fall,skirt
skirt_3,.jpg,gray,modern,Bottom,spring/fall,skirt
skirt_4,.jpg,beige,casual,Bottom,summer,skirt
skirt_5,.jpg,black,casual,Bottom,summer,skirt
skirt_6,.jpg,black,casual,Bottom,summer,skirt
skirt_7,.jpg,white,casual,Bottom,summer,skirt
skirt_8,.jpg,black,modern,Bottom,summer,skirt
skirt_9,.jpg,skyblue,casual,Bottom,spring/fall,skirt
skirt_10,.jpg,gray,casual,Bottom,spring/fall,skirt
skirt_11,.jpg,khaki,lovely,Bottom,spring/fall,skirt
skirt_12,.jpg,black,modern,Bottom,spring/fall,skirt
skirt_13,.jpg,black,formal/office,Bottom,spring/fall,skirt
skirt_14,.jpg,black/gray,formal/office,Bottom,spring/fall,skirt
skirt_15,.jpg,gray/red,modern,Bottom,spring/fall,skirt
skirt_16,.jpg,black,modern,Bottom,All,skirt
skirt_17,.jpg,black/pink/skyblue,lovely,Bottom,summer,skirt
skirt_18,.jpg,skyblue,lovely,Bottom,summer,skirt
skirt_19,.jpg,black,casual,Bottom,summer,skirt
skirt_20,.jpg,white,lovely,Bottom,summer,skirt
skirt_21,.jpg,skyblue,casual,Bottom,summer,skirt
skirt_22,.jpg,black,modern,Bottom,All,skirt
skirt_23,.jpg,pink,modern,Bottom,spring/fall,skirt
skirt_24,.jpg,beige,modern,Bottom,spring/fall,skirt
skirt_25,.jpg,blue,modern,Bottom,summer,skirt
skirt_26,.jpg,white,modern,Bottom,spring/fall,skirt
skirt_27,.jpg,white,modern,Bottom,spring/fall,skirt
skirt_28,.jpg,gray,modern,Bottom,spring/fall,skirt
skirt_29,.jpg,gray,modern,Bottom,spring/fall,skirt
skirt_30,.jpg,gray,modern,Bottom,spring/fall,skirt
skirt_31,.jpg,pink,lovely,Bottom,summer,skirt
skirt_32,.jpg,beige,casual,Bottom,spring/fall,skirt
skirt_33,.jpg,black,modern,Bottom,spring/fall,skirt
skirt_34,.jpg,black,modern,Bottom,spring/fall,skirt
skirt_35,.jpg,pink,lovely,Bottom,summer,skirt
skirt_36,.jpg,black,modern,Bottom,spring/fall,skirt
skirt_37,.jpg,black,casual,Bottom,spring/fall,skirt
skirt_38,.jpg,navy,casual,Bottom,spring/fall,skirt
skirt_39,.jpg,white,casual,Bottom,spring/fall,skirt
skirt_40,.jpg,blue,modern,Bottom,spring/fall,skirt
skirt_41,.jpg,gray,modern,Bottom,spring/fall,skirt
skirt_42,.jpg,navy,modern,Bottom,spring/fall,skirt
skirt_43,.jpg,navy,modern,Bottom,spring/fall,skirt
skirt_44,.jpg,red,modern,Bottom,spring/fall,skirt
skirt_45,.jpg,beige,modern,Bottom,spring/fall,skirt
skirt_46,.jpg,black,modern,Bottom,spring/fall,skirt
skirt_47,.jpg,dark beige,modern,Bottom,spring/fall,skirt
skirt_48,.jpg,beige,casual,Bottom,spring/fall,skirt
skirt_49,.jpg,gray,casual,Bottom,spring/fall,skirt
skirt_50,.jpg,gray,casual,Bottom,spring/fall,skirt
blouse_long_1,.jpg,white,modern,Top,spring/fall,blouse_long
blouse_long_2,.jpg,purple,modern,Top,spring/fall,blouse_long
blouse_long_3,.jpg,beige,modern,Top,spring/fall,blouse_long
blouse_long_4,.jpg,white,modern,Top,spring/fall,blouse_long
blouse_long_5,.jpg,white,modern,Top,spring/fall,blouse_long
blouse_long_6,.jpg,white,modern,Top,spring/fall,blouse_long
blouse_long_7,.jpg,white,modern,Top,spring/fall,blouse_long
blouse_long_8,.jpg,red,modern,Top,spring/fall,blouse_long
blouse_long_9,.jpg,white,formal/office,Top,spring/fall,blouse_long
blouse_long_10,.jpg,blue,modern,Top,spring/fall,blouse_long
blouse_long_11,.jpg,pink,formal/office,Top,spring/fall,blouse_long
blouse_long_12,.jpg,beige,modern,Top,spring/fall,blouse_long
blouse_long_13,.jpg,blue,modern,Top,spring/fall,blouse_long
blouse_long_14,.jpg,white,modern,Top,spring/fall,blouse_long
blouse_long_15,.jpg,white,formal/office,Top,spring/fall,blouse_long
blouse_long_16,.jpg,white,formal/office,Top,spring/fall,blouse_long
blouse_long_17,.jpg,navy,modern,Top,spring/fall,blouse_long
blouse_long_18,.jpg,black,modern,Top,spring/fall,blouse_long
blouse_long_19,.jpg,purple,modern,Top,spring/fall,blouse_long
blouse_long_20,.jpg,blue,modern,Top,spring/fall,blouse_long
blouse_long_21,.jpg,white,formal/office,Top,spring/fall,blouse_long
blouse_long_22,.jpg,beige,modern,Top,spring/fall,blouse_long
blouse_long_23,.jpg,white,formal/office,Top,spring/fall,blouse_long
blouse_long_24,.jpg,white,modern,Top,spring/fall,blouse_long
blouse_long_25,.jpg,white,modern,Top,spring/fall,blouse_long
blouse_long_26,.jpg,red,modern,Top,spring/fall,blouse_long
blouse_long_27,.jpg,beige,formal/office,Top,spring/fall,blouse_long
blouse_long_28,.jpg,white,modern,Top,spring/fall,blouse_long
blouse_long_29,.jpg,red,modern,Top,spring/fall,blouse_long
blouse_long_30,.jpg,purple,modern,Top,spring/fall,blouse_long
blouse_long_31,.jpg,gray,modern,Top,spring/fall,blouse_long
blouse_long_32,.jpg,khaki,modern,Top,spring/fall,blouse_long
blouse_long_33,.jpg,beige,modern,Top,spring/fall,blouse_long
blouse_long_34,.jpg,red,modern,Top,spring/fall,blouse_long
blouse_long_35,.jpg,white,modern,Top,spring/fall,blouse_long
blouse_long_36,.jpg,white,modern,Top,spring/fall,blouse_long
blouse_long_37,.jpg,skyblue,modern,Top,spring/fall,blouse_long
blouse_long_38,.jpg,white,modern,Top,spring/fall,blouse_long
blouse_long_39,.jpg,khaki,modern,Top,spring/fall,blouse_long
blouse_long_40,.jpg,gray,modern,Top,spring/fall,blouse_long
blouse_long_41,.jpg,pink,modern,Top,spring/fall,blouse_long
blouse_long_42,.jpg,pink,modern,Top,spring/fall,blouse_long
blouse_long_43,.jpg,white,formal/office,Top,spring/fall,blouse_long
blouse_long_44,.jpg,beige,modern,Top,spring/fall,blouse_long
blouse_long_45,.jpg,khaki,modern,Top,spring/fall,blouse_long
blouse_long_46,.jpg,black,modern,Top,spring/fall,blouse_long
blouse_long_47,.jpg,white,modern,Top,spring/fall,blouse_long
blouse_long_48,.jpg,gray,modern,Top,spring/fall,blouse_long
blouse_long_49,.jpg,pink,modern,Top,spring/fall,blouse_long
blouse_long_50,.jpg,beige,modern,Top,spring/fall,blouse_long
blouse_short_1,.jpg,skyblue,modern,Top,summer,blouse_short
blouse_short_2,.jpg,pink,modern,Top,summer,blouse_short
blouse_short_3,.jpg,black,office/formal,Top,summer,blouse_short
blouse_short_4,.jpg,gray,modern,Top,summer,blouse_short
blouse_short_5,.jpg,white,office/formal,Top,summer,blouse_short
blouse_short_6,.jpg,pink,modern,Top,summer,blouse_short
blouse_short_7,.jpg,skyblue,modern,Top,summer,blouse_short
blouse_short_8,.jpg,pink,modern,Top,summer,blouse_short
blouse_short_9,.jpg,white,modern,Top,summer,blouse_short
blouse_short_10,.jpg,pink,modern,Top,summer,blouse_short
blouse_short_11,.jpg,black,modern,Top,summer,blouse_short
blouse_short_12,.jpg,white,modern,Top,summer,blouse_short
blouse_short_13,.jpg,red,modern,Top,summer,blouse_short
blouse_short_14,.jpg,khaki,modern,Top,summer,blouse_short
blouse_short_15,.jpg,black,modern,Top,summer,blouse_short
blouse_short_16,.jpg,brown,modern,Top,summer,blouse_short
blouse_short_17,.jpg,beige,modern,Top,summer,blouse_short
blouse_short_18,.jpg,dark beige,modern,Top,summer,blouse_short
blouse_short_19,.jpg,white,modern,Top,summer,blouse_short
blouse_short_20,.jpg,black,modern,Top,summer,blouse_short
blouse_short_21,.jpg,white,modern,Top,summer,blouse_short
blouse_short_22,.jpg,yellow,modern,Top,summer,blouse_short
blouse_short_23,.jpg,white,modern,Top,summer,blouse_short
blouse_short_24,.jpg,beige,modern,Top,summer,blouse_short
blouse_short_25,.jpg,beige,modern,Top,summer,blouse_short
blouse_short_26,.jpg,dark beige,modern,Top,summer,blouse_short
blouse_short_27,.jpg,white,office/formal,Top,summer,blouse_short
blouse_short_28,.jpg,yellow,modern,Top,summer,blouse_short
blouse_short_29,.jpg,yellow,modern,Top,summer,blouse_short
blouse_short_30,.jpg,gray,modern,Top,summer,blouse_short
blouse_short_31,.jpg,white,modern,Top,summer,blouse_short
blouse_short_32,.jpg,purple,modern,Top,summer,blouse_short
blouse_short_33,.jpg,pink,modern,Top,summer,blouse_short
blouse_short_34,.jpg,white,office/formal,Top,summer,blouse_short
blouse_short_35,.jpg,pink,modern,Top,summer,blouse_short
blouse_short_36,.jpg,white,modern,Top,summer,blouse_short
blouse_short_37,.jpg,pink,modern,Top,summer,blouse_short
blouse_short_38,.jpg,skyblue,modern,Top,summer,blouse_short
blouse_short_39,.jpg,white,modern,Top,summer,blouse_short
blouse_short_40,.jpg,white,modern,Top,summer,blouse_short
blouse_short_41,.jpg,white,modern,Top,summer,blouse_short
blouse_short_42,.jpg,black,modern,Top,summer,blouse_short
blouse_short_43,.jpg,khaki,modern,Top,summer,blouse_short
blouse_short_44,.jpg,white/black,modern,Top,summer,blouse_short
blouse_short_45,.jpg,pink,modern,Top,summer,blouse_short
blouse_short_46,.jpg,white,modern,Top,summer,blouse_short
blouse_short_47,.jpg,white,modern,Top,summer,blouse_short
blouse_short_48,.jpg,pink,modern,Top,summer,blouse_short
blouse_short_49,.jpg,pink,modern,Top,summer,blouse_short
blouse_short_50,.jpg,pink,modern,Top,summer,blouse_short
dress_shirt_long_1,.jpg,skyblue,formal/office,Top,spring/fall,dress_shirt_long
dress_shirt_long_2,.jpg,gray,formal/office,Top,spring/fall,dress_shirt_long
dress_shirt_long_3,.jpg,white,formal/office,Top,spring/fall,dress_shirt_long
dress_shirt_long_4,.jpg,black,formal/office,Top,spring/fall,dress_shirt_long
dress_shirt_long_5,.jpg,gray,casual,Top,spring/fall,dress_shirt_long
dress_shirt_long_6,.jpg,black,modern,Top,spring/fall,dress_shirt_long
dress_shirt_long_7,.jpg,navy,formal/office,Top,spring/fall,dress_shirt_long
dress_shirt_long_8,.jpg,skyblue,formal/office,Top,spring/fall,dress_shirt_long
dress_shirt_long_9,.jpg,white,formal/office,Top,spring/fall,dress_shirt_long
dress_shirt_long_10,.jpg,white,formal/office,Top,spring/fall,dress_shirt_long
dress_shirt_long_11,.jpg,navy,dandy,Top,spring/fall,dress_shirt_long
dress_shirt_long_12,.jpg,gray,casual,Top,spring/fall,dress_shirt_long
dress_shirt_long_13,.jpg,white,formal/office,Top,spring/fall,dress_shirt_long
dress_shirt_long_14,.jpg,black,formal/office,Top,spring/fall,dress_shirt_long
dress_shirt_long_15,.jpg,skyblue,formal/office,Top,spring/fall,dress_shirt_long
dress_shirt_long_16,.jpg,yellow,modern,Top,spring/fall,dress_shirt_long
dress_shirt_long_17,.jpg,white,formal/office,Top,spring/fall,dress_shirt_long
dress_shirt_long_18,.jpg,white,formal/office,Top,spring/fall,dress_shirt_long
dress_shirt_long_19,.jpg,white,formal/office,Top,spring/fall,dress_shirt_long
dress_shirt_long_20,.jpg,white,formal/office,Top,spring/fall,dress_shirt_long
dress_shirt_long_21,.jpg,white,formal/office,Top,spring/fall,dress_shirt_long
dress_shirt_long_22,.jpg,white,formal/office,Top,spring/fall,dress_shirt_long
dress_shirt_long_23,.jpg,gray,dandy,Top,spring/fall,dress_shirt_long
dress_shirt_long_24,.jpg,black,dandy,Top,spring/fall,dress_shirt_long
dress_shirt_long_25,.jpg,navy,formal/office,Top,spring/fall,dress_shirt_long
dress_shirt_long_26,.jpg,skyblue,formal/office,Top,spring/fall,dress_shirt_long
dress_shirt_long_27,.jpg,white,formal/office,Top,spring/fall,dress_shirt_long
dress_shirt_long_28,.jpg,black,modern,Top,spring/fall,dress_shirt_long
dress_shirt_long_29,.jpg,blue,formal/office,Top,spring/fall,dress_shirt_long
dress_shirt_long_30,.jpg,black,modern,Top,spring/fall,dress_shirt_long
dress_shirt_long_31,.jpg,khaki,modern,Top,spring/fall,dress_shirt_long
dress_shirt_long_32,.jpg,skyblue,formal/office,Top,spring/fall,dress_shirt_long
dress_shirt_long_33,.jpg,khaki,casual,Top,spring/fall,dress_shirt_long
dress_shirt_long_34,.jpg,black,modern,Top,spring/fall,dress_shirt_long
dress_shirt_long_35,.jpg,blue,modern,Top,spring/fall,dress_shirt_long
dress_shirt_long_36,.jpg,black,formal/office,Top,spring/fall,dress_shirt_long
dress_shirt_long_37,.jpg,navy,dandy,Top,spring/fall,dress_shirt_long
dress_shirt_long_38,.jpg,gray,dandy,Top,spring/fall,dress_shirt_long
dress_shirt_long_39,.jpg,pink,formal/office,Top,spring/fall,dress_shirt_long
dress_shirt_long_40,.jpg,black,modern,Top,spring/fall,dress_shirt_long
dress_shirt_long_41,.jpg,black,formal/office,Top,spring/fall,dress_shirt_long
dress_shirt_long_42,.jpg,white,formal/office,Top,spring/fall,dress_shirt_long
dress_shirt_long_43,.jpg,purple,modern,Top,spring/fall,dress_shirt_long
dress_shirt_long_44,.jpg,blue,formal/office,Top,spring/fall,dress_shirt_long
dress_shirt_long_45,.jpg,blue,dandy,Top,spring/fall,dress_shirt_long
dress_shirt_long_46,.jpg,white,formal/office,Top,spring/fall,dress_shirt_long
dress_shirt_long_47,.jpg,blue,dandy,Top,spring/fall,dress_shirt_long
dress_shirt_long_48,.jpg,skyblue,formal/office,Top,spring/fall,dress_shirt_long
dress_shirt_long_49,.jpg,beige,formal/office,Top,spring/fall,dress_shirt_long
dress_shirt_long_50,.jpg,gray,formal/office,Top,spring/fall,dress_shirt_long
dress_shirt_short_1,.jpg,pink,dandy,Top,summer,dress_shirt_short
dress_shirt_short_2,.jpg,black,formal/office,Top,summer,dress_shirt_short
dress_shirt_short_3,.jpg,gray,formal/office,Top,summer,dress_shirt_short
dress_shirt_short_4,.jpg,navy,formal/office,Top,summer,dress_shirt_short
dress_shirt_short_5,.jpg,skyblue,formal/office,Top,summer,dress_shirt_short
dress_shirt_short_6,.jpg,skyblue,formal/office,Top,summer,dress_shirt_short
dress_shirt_short_7,.jpg,khaki,modern,Top,summer,dress_shirt_short
dress_shirt_short_8,.jpg,skyblue,formal/office,Top,summer,dress_shirt_short
dress_shirt_short_9,.jpg,white,formal/office,Top,summer,dress_shirt_short
dress_shirt_short_10,.jpg,white,formal/office,Top,summer,dress_shirt_short
dress_shirt_short_11,.jpg,beige,casual,Top,summer,dress_shirt_short
dress_shirt_short_12,.jpg,pink,modern,Top,summer,dress_shirt_short
dress_shirt_short_13,.jpg,pink,modern,Top,summer,dress_shirt_short
dress_shirt_short_14,.jpg,white,formal/office,Top,summer,dress_shirt_short
dress_shirt_short_15,.jpg,pink,formal/office,Top,summer,dress_shirt_short
dress_shirt_short_16,.jpg,blue,formal/office,Top,summer,dress_shirt_short
dress_shirt_short_17,.jpg,skyblue,formal/office,Top,summer,dress_shirt_short
dress_shirt_short_18,.jpg,gray,formal/office,Top,summer,dress_shirt_short
dress_shirt_short_19,.jpg,green,modern,Top,summer,dress_shirt_short
dress_shirt_short_20,.jpg,skyblue,modern,Top,summer,dress_shirt_short
dress_shirt_short_21,.jpg,gray,modern,Top,summer,dress_shirt_short
dress_shirt_short_22,.jpg,skyblue,formal/office,Top,summer,dress_shirt_short
dress_shirt_short_23,.jpg,navy,modern,Top,summer,dress_shirt_short
dress_shirt_short_24,.jpg,white,modern,Top,summer,dress_shirt_short
dress_shirt_short_25,.jpg,skyblue,formal/office,Top,summer,dress_shirt_short
dress_shirt_short_26,.jpg,white,formal/office,Top,summer,dress_shirt_short
dress_shirt_short_27,.jpg,black,formal/office,Top,summer,dress_shirt_short
dress_shirt_short_28,.jpg,skyblue,modern,Top,summer,dress_shirt_short
dress_shirt_short_29,.jpg,pink,formal/office,Top,summer,dress_shirt_short
dress_shirt_short_30,.jpg,black,formal/office,Top,summer,dress_shirt_short
dress_shirt_short_31,.jpg,navy,modern,Top,summer,dress_shirt_short
dress_shirt_short_32,.jpg,navy,dandy,Top,summer,dress_shirt_short
dress_shirt_short_33,.jpg,skyblue,formal/office,Top,summer,dress_shirt_short
dress_shirt_short_34,.jpg,gray,formal/office,Top,summer,dress_shirt_short
dress_shirt_short_35,.jpg,white,modern,Top,summer,dress_shirt_short
dress_shirt_short_36,.jpg,pink,dandy,Top,summer,dress_shirt_short
dress_shirt_short_37,.jpg,navy,modern,Top,summer,dress_shirt_short
dress_shirt_short_38,.jpg,white,formal/office,Top,summer,dress_shirt_short
dress_shirt_short_39,.jpg,skyblue,dandy,Top,summer,dress_shirt_short
dress_shirt_short_40,.jpg,black,modern,Top,summer,dress_shirt_short
dress_shirt_short_41,.jpg,white,formal/office,Top,summer,dress_shirt_short
dress_shirt_short_42,.jpg,gray,dandy,Top,summer,dress_shirt_short
dress_shirt_short_43,.jpg,blue,dandy,Top,summer,dress_shirt_short
dress_shirt_short_44,.jpg,green,modern,Top,summer,dress_shirt_short
dress_shirt_short_45,.jpg,blue,formal/office,Top,summer,dress_shirt_short
dress_shirt_short_46,.jpg,white,formal/office,Top,summer,dress_shirt_short
dress_shirt_short_47,.jpg,pink,modern,Top,summer,dress_shirt_short
dress_shirt_short_48,.jpg,white,formal/office,Top,summer,dress_shirt_short
dress_shirt_short_49,.jpg,skyblue,formal/office,Top,summer,dress_shirt_short
dress_shirt_short_50,.jpg,black,modern,Top,summer,dress_shirt_short
Tshirt_short_1,.jpg,white,casual,Top,summer,Tshirt_short
Tshirt_short_2,.jpg,white,casual,Top,summer,Tshirt_short
Tshirt_short_3,.jpg,yellow,casual,Top,summer,Tshirt_short
Tshirt_short_4,.jpg,black,casual,Top,summer,Tshirt_short
Tshirt_short_5,.jpg,black,casual,Top,summer,Tshirt_short
Tshirt_short_6,.jpg,white,casual,Top,summer,Tshirt_short
Tshirt_short_7,.jpg,navy/gray,casual,Top,summer,Tshirt_short
Tshirt_short_8,.jpg,black,street,Top,summer,Tshirt_short
Tshirt_short_9,.jpg,black,casual,Top,summer,Tshirt_short
Tshirt_short_10,.jpg,black,street,Top,summer,Tshirt_short
Tshirt_short_11,.jpg,black,casual,Top,summer,Tshirt_short
Tshirt_short_12,.jpg,black,street,Top,summer,Tshirt_short
Tshirt_short_13,.jpg,black,casual,Top,summer,Tshirt_short
Tshirt_short_14,.jpg,white,casual,Top,summer,Tshirt_short
Tshirt_short_15,.jpg,white,casual,Top,summer,Tshirt_short
Tshirt_short_16,.jpg,white,casual,Top,summer,Tshirt_short
Tshirt_short_17,.jpg,white,casual,Top,summer,Tshirt_short
Tshirt_short_18,.jpg,white,casual,Top,summer,Tshirt_short
Tshirt_short_19,.jpg,white,casual,Top,summer,Tshirt_short
Tshirt_short_20,.jpg,white,casual,Top,summer,Tshirt_short
Tshirt_short_21,.jpg,white,casual,Top,summer,Tshirt_short
Tshirt_short_22,.jpg,white,casual,Top,summer,Tshirt_short
Tshirt_short_23,.jpg,white,casual,Top,summer,Tshirt_short
Tshirt_short_24,.jpg,white,casual,Top,summer,Tshirt_short
Tshirt_short_25,.jpg,gray,casual,Top,summer,Tshirt_short
Tshirt_short_26,.jpg,gray,casual,Top,summer,Tshirt_short
Tshirt_short_27,.jpg,gray,casual,Top,summer,Tshirt_short
Tshirt_short_28,.jpg,yellow,casual,Top,summer,Tshirt_short
Tshirt_short_29,.jpg,yellow,casual,Top,summer,Tshirt_short
Tshirt_short_30,.jpg,yellow,casual,Top,summer,Tshirt_short
Tshirt_short_31,.jpg,yellow,casual,Top,summer,Tshirt_short
Tshirt_short_32,.jpg,yellow,casual,Top,summer,Tshirt_short
Tshirt_short_33,.jpg,yellow,casual,Top,summer,Tshirt_short
Tshirt_short_34,.jpg,pink,casual,Top,summer,Tshirt_short
Tshirt_short_35,.jpg,navy,casual,Top,summer,Tshirt_short
Tshirt_short_36,.jpg,red,casual,Top,summer,Tshirt_short
Tshirt_short_37,.jpg,blue,casual,Top,summer,Tshirt_short
Tshirt_short_38,.jpg,navy,casual,Top,summer,Tshirt_short
Tshirt_short_39,.jpg,yellow,casual,Top,summer,Tshirt_short
Tshirt_short_40,.jpg,navy,casual,Top,summer,Tshirt_short
Tshirt_short_41,.jpg,gray,casual,Top,summer,Tshirt_short
Tshirt_short_42,.jpg,purple,casual,Top,summer,Tshirt_short
Tshirt_short_43,.jpg,black,casual,Top,summer,Tshirt_short
Tshirt_short_44,.jpg,skyblue,casual,Top,summer,Tshirt_short
Tshirt_short_45,.jpg,skyblue,casual,Top,summer,Tshirt_short
Tshirt_short_46,.jpg,white,casual,Top,summer,Tshirt_short
Tshirt_short_47,.jpg,black,casual,Top,summer,Tshirt_short
Tshirt_short_48,.jpg,navy,casual,Top,summer,Tshirt_short
Tshirt_short_49,.jpg,skyblue,casual,Top,summer,Tshirt_short
Tshirt_short_50,.jpg,navy,casual,Top,summer,Tshirt_short
top_others_1,.jpg,black,modern,Top,spring/fall,top_others
top_others_2,.jpg,green,casual,Top,summer,top_others
top_others_3,.jpg,white,casual,Top,summer,top_others
top_others_4,.jpg,white,casual,Top,summer,top_others
top_others_5,.jpg,navy,casual,Top,summer,top_others
top_others_6,.jpg,navy,modern,Top,summer,top_others
top_others_7,.jpg,black,modern,Top,summer,top_others
top_others_8,.jpg,gray,modern,Top,summer,top_others
top_others_9,.jpg,navy,modern,Top,summer,top_others
top_others_10,.jpg,navy,modern,Top,summer,top_others
top_others_11,.jpg,pink,modern,Top,summer,top_others
top_others_12,.jpg,navy,modern,Top,spring/fall,top_others
top_others_13,.jpg,navy,modern,Top,spring/fall,top_others
top_others_14,.jpg,navy,modern,Top,summer,top_others
top_others_15,.jpg,white/blue,casual,Top,summer,top_others
top_others_16,.jpg,navy,modern,Top,summer,top_others
top_others_17,.jpg,navy,modern,Top,summer,top_others
top_others_18,.jpg,white,modern,Top,summer,top_others
top_others_19,.jpg,beige,modern,Top,spring/fall,top_others
top_others_20,.jpg,gray,modern,Top,spring/fall,top_others
top_others_21,.jpg,white,modern,Top,summer,top_others
top_others_22,.jpg,black,modern,Top,summer,top_others
top_others_23,.jpg,white,modern,Top,summer,top_others
top_others_24,.jpg,pink,modern,Top,summer,top_others
top_others_25,.jpg,gray,modern,Top,summer,top_others
top_others_26,.jpg,skyblue,modern,Top,summer,top_others
top_others_27,.jpg,gray,modern,Top,summer,top_others
top_others_28,.jpg,white,modern,Top,summer,top_others
top_others_29,.jpg,white,modern,Top,summer,top_others
top_others_30,.jpg,brown,modern,Top,spring/fall,top_others
top_others_31,.jpg,skyblue,modern,Top,summer,top_others
top_others_32,.jpg,pink,modern,Top,summer,top_others
top_others_33,.jpg,white,modern,Top,summer,top_others
top_others_34,.jpg,white,modern,Top,summer,top_others
top_others_35,.jpg,gray,modern,Top,summer,top_others
top_others_36,.jpg,navy,modern,Top,summer,top_others
top_others_37,.jpg,white,modern,Top,summer,top_others
top_others_38,.jpg,gray,modern,Top,summer,top_others
top_others_39,.jpg,yellow,modern,Top,summer,top_others
top_others_40,.jpg,navy/black,sporty,Top,summer,top_others
top_others_41,.jpg,gray,casual,Top,summer,top_others
top_others_42,.jpg,gray,modern,Top,summer,top_others
top_others_43,.jpg,white,modern,Top,summer,top_others
top_others_44,.jpg,navy,modern,Top,summer,top_others
top_others_45,.jpg,gray,modern,Top,summer,top_others
top_others_46,.jpg,gray,modern,Top,summer,top_others
top_others_47,.jpg,pink/gray,modern,Top,summer,top_others
top_others_48,.jpg,brown,modern,Top,summer,top_others
top_others_49,.jpg,black,modern,Top,summer,top_others
top_others_50,.jpg,skyblue,modern,Top,summer,top_others
sweater_1,.jpg,yellow,modern,Top,winter,sweater
sweater_2,.jpg,red,modern,Top,winter,sweater
sweater_3,.jpg,pink,casual,Top,winter,sweater
sweater_4,.jpg,skyblue,casual,Top,winter,sweater
sweater_5,.jpg,white,casual,Top,winter,sweater
sweater_6,.jpg,pink,modern,Top,winter,sweater
sweater_7,.jpg,yellow,modern,Top,winter,sweater
sweater_8,.jpg,beige,modern,Top,winter,sweater
sweater_9,.jpg,gray,modern,Top,winter,sweater
sweater_10,.jpg,pink,casual,Top,winter,sweater
sweater_11,.jpg,yellow,modern,Top,winter,sweater
sweater_12,.jpg,brown,modern,Top,winter,sweater
sweater_13,.jpg,beige,modern,Top,winter,sweater
sweater_14,.jpg,yellow,modern,Top,winter,sweater
sweater_15,.jpg,navy,modern,Top,winter,sweater
sweater_16,.jpg,dark beige,modern,Top,winter,sweater
sweater_17,.jpg,khaki,modern,Top,winter,sweater
sweater_18,.jpg,gray,modern,Top,winter,sweater
sweater_19,.jpg,gray,modern,Top,winter,sweater
sweater_20,.jpg,gray,modern,Top,winter,sweater
sweater_21,.jpg,black,modern,Top,winter,sweater
sweater_22,.jpg,beige,modern,Top,winter,sweater
sweater_23,.jpg,gray,modern,Top,winter,sweater
sweater_24,.jpg,navy,modern,Top,winter,sweater
sweater_25,.jpg,beige,modern,Top,winter,sweater
sweater_26,.jpg,skyblue,casual,Top,winter,sweater
sweater_27,.jpg,navy,casual,Top,winter,sweater
sweater_28,.jpg,gray,modern,Top,winter,sweater
sweater_29,.jpg,skyblue,modern,Top,winter,sweater
sweater_30,.jpg,blue,modern,Top,winter,sweater
sweater_31,.jpg,beige,casual,Top,winter,sweater
sweater_32,.jpg,brown,modern,Top,winter,sweater
sweater_33,.jpg,beige,casual,Top,winter,sweater
sweater_34,.jpg,beige,casual,Top,winter,sweater
sweater_35,.jpg,pink,modern,Top,winter,sweater
sweater_36,.jpg,beige,modern,Top,winter,sweater
sweater_37,.jpg,beige,modern,Top,winter,sweater
sweater_38,.jpg,orange,modern,Top,winter,sweater
sweater_39,.jpg,gray,modern,Top,winter,sweater
sweater_40,.jpg,gray,modern,Top,winter,sweater
sweater_41,.jpg,pink,modern,Top,winter,sweater
sweater_42,.jpg,skyblue,modern,Top,winter,sweater
sweater_43,.jpg,beige,modern,Top,winter,sweater
sweater_44,.jpg,navy,modern,Top,winter,sweater
sweater_45,.jpg,skyblue,modern,Top,winter,sweater
sweater_46,.jpg,beige,modern,Top,winter,sweater
sweater_47,.jpg,gray,modern,Top,winter,sweater
sweater_48,.jpg,gray,modern,Top,winter,sweater
sweater_49,.jpg,khaki,modern,Top,winter,sweater
sweater_50,.jpg,gray,modern,Top,winter,sweater
vest_1,.jpg,gray,casual,Top,winter,vest
vest_2,.jpg,khaki,casual,Top,spring/fall,vest
vest_3,.jpg,khaki,casual,Top,spring/fall,vest
vest_4,.jpg,brown,dandy,Top,spring/fall,vest
vest_5,.jpg,skyblue,casual,Top,spring/fall,vest
vest_6,.jpg,navy,casual,Top,winter,vest
vest_7,.jpg,khaki,casual,Top,winter,vest
vest_8,.jpg,black,casual,Top,spring/fall,vest
vest_9,.jpg,gray,casual,Top,spring/fall,vest
vest_10,.jpg,brown,casual,Top,spring/fall,vest
vest_11,.jpg,white,casual,Top,winter,vest
vest_12,.jpg,gray,casual,Top,spring/fall,vest
vest_13,.jpg,beige,casual,Top,spring/fall,vest
vest_14,.jpg,purple,casual,Top,spring/fall,vest
vest_15,.jpg,navy,casual,Top,winter,vest
vest_16,.jpg,gray,casual,Top,spring/fall,vest
vest_17,.jpg,gray,modern,Top,spring/fall,vest
vest_18,.jpg,orange,casual,Top,spring/fall,vest
vest_19,.jpg,black,casual,Top,winter,vest
vest_20,.jpg,brown,casual,Top,spring/fall,vest
vest_21,.jpg,brown,dandy,Top,spring/fall,vest
vest_22,.jpg,black,casual,Top,winter,vest
vest_23,.jpg,gray,dandy,Top,spring/fall,vest
vest_24,.jpg,black,casual,Top,spring/fall,vest
vest_25,.jpg,dark beige,dandy,Top,spring/fall,vest
vest_26,.jpg,dark beige,casual,Top,spring/fall,vest
vest_27,.jpg,black,casual,Top,spring/fall,vest
vest_28,.jpg,beige,casual,Top,spring/fall,vest
vest_29,.jpg,orange,casual,Top,winter,vest
vest_30,.jpg,navy,casual,Top,spring/fall,vest
vest_31,.jpg,beige,casual,Top,winter,vest
vest_32,.jpg,black,casual,Top,winter,vest
vest_33,.jpg,black,formal/office,Top,spring/fall,vest
vest_34,.jpg,black,dandy,Top,spring/fall,vest
vest_35,.jpg,khaki,casual,Top,spring/fall,vest
vest_36,.jpg,dark beige,dandy,Top,spring/fall,vest
vest_37,.jpg,black,dandy,Top,spring/fall,vest
vest_38,.jpg,black/gray,casual,Top,spring/fall,vest
vest_39,.jpg,gray,casual,Top,spring/fall,vest
vest_40,.jpg,brown,casual,Top,spring/fall,vest
vest_41,.jpg,brown,casual,Top,spring/fall,vest
vest_42,.jpg,beige,dandy,Top,spring/fall,vest
vest_43,.jpg,gray,formal/office,Top,spring/fall,vest
vest_44,.jpg,gray,formal/office,Top,spring/fall,vest
vest_45,.jpg,gray,casual,Top,spring/fall,vest
vest_46,.jpg,navy,formal/office,Top,spring/fall,vest
vest_47,.jpg,navy,formal/office,Top,spring/fall,vest
vest_48,.jpg,beige,casual,Top,spring/fall,vest
vest_49,.jpg,orange,casual,Top,winter,vest
vest_50,.jpg,beige,dandy,Top,spring/fall,vest